{"inputs":{"https://deno.land/x/fresh@1.6.8/src/runtime/polyfills.ts":{"bytes":231,"imports":[]},"https://esm.sh/stable/preact@10.19.6/denonext/preact.mjs":{"bytes":11331,"imports":[],"format":"esm"},"https://esm.sh/preact@10.19.6":{"bytes":90,"imports":[{"path":"https://esm.sh/stable/preact@10.19.6/denonext/preact.mjs","kind":"import-statement","original":"/stable/preact@10.19.6/denonext/preact.mjs"}],"format":"esm"},"https://deno.land/x/fresh@1.6.8/src/runtime/build_id.ts":{"bytes":67,"imports":[],"format":"esm"},"https://deno.land/x/fresh@1.6.8/src/runtime/utils.ts":{"bytes":2835,"imports":[{"path":"preact","kind":"import-statement","external":true},{"path":"https://deno.land/x/fresh@1.6.8/src/runtime/build_id.ts","kind":"import-statement","original":"./build_id.ts"}],"format":"esm"},"https://deno.land/x/fresh@1.6.8/src/constants.ts":{"bytes":386,"imports":[],"format":"esm"},"https://deno.land/x/fresh@1.6.8/src/runtime/active_url.ts":{"bytes":1290,"imports":[{"path":"preact","kind":"import-statement","external":true},{"path":"https://deno.land/x/fresh@1.6.8/src/constants.ts","kind":"import-statement","original":"../constants.ts"}],"format":"esm"},"https://deno.land/x/fresh@1.6.8/src/runtime/entrypoints/main.ts":{"bytes":31679,"imports":[{"path":"https://deno.land/x/fresh@1.6.8/src/runtime/polyfills.ts","kind":"import-statement","original":"../polyfills.ts"},{"path":"https://esm.sh/preact@10.19.6","kind":"import-statement","original":"preact"},{"path":"https://deno.land/x/fresh@1.6.8/src/runtime/utils.ts","kind":"import-statement","original":"../utils.ts"},{"path":"../../server/rendering/fresh_tags.tsx","kind":"import-statement","external":true},{"path":"https://deno.land/x/fresh@1.6.8/src/constants.ts","kind":"import-statement","original":"../../constants.ts"},{"path":"https://deno.land/x/fresh@1.6.8/src/runtime/active_url.ts","kind":"import-statement","original":"../active_url.ts"}],"format":"esm"},"https://deno.land/x/fresh@1.6.8/src/runtime/deserializer.ts":{"bytes":2087,"imports":[],"format":"esm"},"https://deno.land/x/fresh@1.6.8/src/runtime/entrypoints/deserializer.ts":{"bytes":50,"imports":[{"path":"https://deno.land/x/fresh@1.6.8/src/runtime/deserializer.ts","kind":"import-statement","original":"../deserializer.ts"}],"format":"esm"},"https://esm.sh/stable/preact@10.19.6/denonext/hooks.js":{"bytes":3885,"imports":[{"path":"https://esm.sh/stable/preact@10.19.6/denonext/preact.mjs","kind":"import-statement","original":"/stable/preact@10.19.6/denonext/preact.mjs"}],"format":"esm"},"https://esm.sh/preact@10.19.6/hooks":{"bytes":147,"imports":[{"path":"https://esm.sh/stable/preact@10.19.6/denonext/preact.mjs","kind":"import-statement","original":"/stable/preact@10.19.6/denonext/preact.mjs"},{"path":"https://esm.sh/stable/preact@10.19.6/denonext/hooks.js","kind":"import-statement","original":"/stable/preact@10.19.6/denonext/hooks.js"}],"format":"esm"},"https://esm.sh/v135/@preact/signals-core@1.5.1/denonext/signals-core.mjs":{"bytes":4342,"imports":[],"format":"esm"},"https://esm.sh/*@preact/signals-core@1.5.1":{"bytes":118,"imports":[{"path":"https://esm.sh/v135/@preact/signals-core@1.5.1/denonext/signals-core.mjs","kind":"import-statement","original":"/v135/@preact/signals-core@1.5.1/denonext/signals-core.mjs"}],"format":"esm"},"https://esm.sh/v135/@preact/signals@1.2.2/X-ZS8q/denonext/signals.mjs":{"bytes":2825,"imports":[{"path":"https://esm.sh/preact@10.19.6","kind":"import-statement","original":"preact"},{"path":"https://esm.sh/preact@10.19.6/hooks","kind":"import-statement","original":"preact/hooks"},{"path":"https://esm.sh/*@preact/signals-core@1.5.1","kind":"import-statement","original":"@preact/signals-core"},{"path":"https://esm.sh/*@preact/signals-core@1.5.1","kind":"import-statement","original":"@preact/signals-core"}],"format":"esm"},"https://esm.sh/*@preact/signals@1.2.2":{"bytes":110,"imports":[{"path":"https://esm.sh/v135/@preact/signals@1.2.2/X-ZS8q/denonext/signals.mjs","kind":"import-statement","original":"/v135/@preact/signals@1.2.2/X-ZS8q/denonext/signals.mjs"}],"format":"esm"},"https://deno.land/x/fresh@1.6.8/src/runtime/entrypoints/signals.ts":{"bytes":42,"imports":[{"path":"https://esm.sh/*@preact/signals@1.2.2","kind":"import-statement","original":"@preact/signals"}],"format":"esm"},"https://deno.land/x/fresh@1.6.8/src/types.ts":{"bytes":541,"imports":[],"format":"esm"},"https://deno.land/x/fresh@1.6.8/src/runtime/head.ts":{"bytes":568,"imports":[{"path":"https://esm.sh/preact@10.19.6","kind":"import-statement","original":"preact"},{"path":"https://esm.sh/preact@10.19.6/hooks","kind":"import-statement","original":"preact/hooks"}],"format":"esm"},"https://deno.land/x/fresh@1.6.8/src/runtime/csp.ts":{"bytes":3641,"imports":[{"path":"https://esm.sh/preact@10.19.6","kind":"import-statement","original":"preact"},{"path":"https://esm.sh/preact@10.19.6/hooks","kind":"import-statement","original":"preact/hooks"}],"format":"esm"},"https://deno.land/x/fresh@1.6.8/src/runtime/Partial.tsx":{"bytes":508,"imports":[{"path":"preact","kind":"import-statement","external":true}],"format":"esm"},"https://deno.land/x/fresh@1.6.8/runtime.ts":{"bytes":185,"imports":[{"path":"https://deno.land/x/fresh@1.6.8/src/types.ts","kind":"import-statement","original":"./src/types.ts"},{"path":"https://deno.land/x/fresh@1.6.8/src/runtime/utils.ts","kind":"import-statement","original":"./src/runtime/utils.ts"},{"path":"https://deno.land/x/fresh@1.6.8/src/runtime/head.ts","kind":"import-statement","original":"./src/runtime/head.ts"},{"path":"https://deno.land/x/fresh@1.6.8/src/runtime/csp.ts","kind":"import-statement","original":"./src/runtime/csp.ts"},{"path":"https://deno.land/x/fresh@1.6.8/src/runtime/Partial.tsx","kind":"import-statement","original":"./src/runtime/Partial.tsx"}],"format":"esm"},"https://esm.sh/stable/preact@10.19.6/denonext/jsx-runtime.js":{"bytes":1868,"imports":[{"path":"https://esm.sh/stable/preact@10.19.6/denonext/preact.mjs","kind":"import-statement","original":"/stable/preact@10.19.6/denonext/preact.mjs"},{"path":"https://esm.sh/stable/preact@10.19.6/denonext/preact.mjs","kind":"import-statement","original":"/stable/preact@10.19.6/denonext/preact.mjs"}],"format":"esm"},"https://esm.sh/preact@10.19.6/jsx-runtime":{"bytes":159,"imports":[{"path":"https://esm.sh/stable/preact@10.19.6/denonext/preact.mjs","kind":"import-statement","original":"/stable/preact@10.19.6/denonext/preact.mjs"},{"path":"https://esm.sh/stable/preact@10.19.6/denonext/jsx-runtime.js","kind":"import-statement","original":"/stable/preact@10.19.6/denonext/jsx-runtime.js"}],"format":"esm"},"islands/PortfolioCards.tsx":{"bytes":11053,"imports":[{"path":"https://esm.sh/preact@10.19.6/hooks","kind":"import-statement","original":"preact/hooks"},{"path":"https://deno.land/x/fresh@1.6.8/runtime.ts","kind":"import-statement","original":"$fresh/runtime.ts"},{"path":"https://esm.sh/preact@10.19.6/jsx-runtime","kind":"import-statement","original":"preact/jsx-runtime"}],"format":"esm"}},"outputs":{"main.js":{"imports":[{"path":"chunk-7I3Q7EGE.js","kind":"import-statement"},{"path":"chunk-FEDUQ665.js","kind":"import-statement"}],"exports":["applyPartials","revive"],"entryPoint":"https://deno.land/x/fresh@1.6.8/src/runtime/entrypoints/main.ts","inputs":{"https://deno.land/x/fresh@1.6.8/src/runtime/polyfills.ts":{"bytesInOutput":50},"https://deno.land/x/fresh@1.6.8/src/constants.ts":{"bytesInOutput":121},"https://deno.land/x/fresh@1.6.8/src/runtime/active_url.ts":{"bytesInOutput":383},"https://deno.land/x/fresh@1.6.8/src/runtime/entrypoints/main.ts":{"bytesInOutput":9521}},"bytes":10239},"deserializer.js":{"imports":[],"exports":["deserialize"],"entryPoint":"https://deno.land/x/fresh@1.6.8/src/runtime/entrypoints/deserializer.ts","inputs":{"https://deno.land/x/fresh@1.6.8/src/runtime/deserializer.ts":{"bytesInOutput":753},"https://deno.land/x/fresh@1.6.8/src/runtime/entrypoints/deserializer.ts":{"bytesInOutput":0}},"bytes":779},"signals.js":{"imports":[{"path":"chunk-R7XCYBVV.js","kind":"import-statement"},{"path":"chunk-FEDUQ665.js","kind":"import-statement"}],"exports":["signal"],"entryPoint":"https://deno.land/x/fresh@1.6.8/src/runtime/entrypoints/signals.ts","inputs":{"https://esm.sh/v135/@preact/signals-core@1.5.1/denonext/signals-core.mjs":{"bytesInOutput":3985},"https://esm.sh/*@preact/signals-core@1.5.1":{"bytesInOutput":0},"https://esm.sh/v135/@preact/signals@1.2.2/X-ZS8q/denonext/signals.mjs":{"bytesInOutput":2101},"https://esm.sh/*@preact/signals@1.2.2":{"bytesInOutput":0},"https://deno.land/x/fresh@1.6.8/src/runtime/entrypoints/signals.ts":{"bytesInOutput":0}},"bytes":6201},"island-portfoliocards.js":{"imports":[{"path":"chunk-7I3Q7EGE.js","kind":"import-statement"},{"path":"chunk-R7XCYBVV.js","kind":"import-statement"},{"path":"chunk-FEDUQ665.js","kind":"import-statement"}],"exports":["default"],"entryPoint":"islands/PortfolioCards.tsx","inputs":{"https://deno.land/x/fresh@1.6.8/runtime.ts":{"bytesInOutput":0},"https://deno.land/x/fresh@1.6.8/src/runtime/head.ts":{"bytesInOutput":12},"https://deno.land/x/fresh@1.6.8/src/runtime/csp.ts":{"bytesInOutput":16},"https://deno.land/x/fresh@1.6.8/src/runtime/Partial.tsx":{"bytesInOutput":56},"https://esm.sh/stable/preact@10.19.6/denonext/jsx-runtime.js":{"bytesInOutput":357},"https://esm.sh/preact@10.19.6/jsx-runtime":{"bytesInOutput":0},"islands/PortfolioCards.tsx":{"bytesInOutput":4600}},"bytes":5211},"chunk-7I3Q7EGE.js":{"imports":[],"exports":["a","b","c"],"inputs":{"https://deno.land/x/fresh@1.6.8/src/runtime/build_id.ts":{"bytesInOutput":49},"https://deno.land/x/fresh@1.6.8/src/runtime/utils.ts":{"bytesInOutput":891}},"bytes":970},"chunk-R7XCYBVV.js":{"imports":[{"path":"chunk-FEDUQ665.js","kind":"import-statement"}],"exports":["a","b","c","d"],"inputs":{"https://esm.sh/stable/preact@10.19.6/denonext/hooks.js":{"bytesInOutput":2691},"https://esm.sh/preact@10.19.6/hooks":{"bytesInOutput":0}},"bytes":2768},"chunk-FEDUQ665.js":{"imports":[],"exports":["a","b","c","d","e","f","g"],"inputs":{"https://esm.sh/stable/preact@10.19.6/denonext/preact.mjs":{"bytesInOutput":10556},"https://esm.sh/preact@10.19.6":{"bytesInOutput":0}},"bytes":10613}}}