{
  "build_id": "6a02c6ea479b0aa146098a9b7a5b567c0e85d90e",
  "files": {
    "main.js": [
      "chunk-7I3Q7EGE.js",
      "chunk-FEDUQ665.js"
    ],
    "deserializer.js": [],
    "signals.js": [
      "chunk-R7XCYBVV.js",
      "chunk-FEDUQ665.js"
    ],
    "island-portfoliocards.js": [
      "chunk-7I3Q7EGE.js",
      "chunk-R7XCYBVV.js",
      "chunk-FEDUQ665.js"
    ],
    "chunk-7I3Q7EGE.js": [],
    "chunk-R7XCYBVV.js": [
      "chunk-FEDUQ665.js"
    ],
    "chunk-FEDUQ665.js": [],
    "metafile.json": []
  }
}